,customer_id,region,product,quantity,price,date,revenue,tax,total
0,C004,South,Monitor,2,499,2026-01-01,998,79.84,1077.84
1,C005,South,Tablet,5,499,2026-01-02,2495,199.6,2694.6
2,C003,North,Monitor,2,999,2026-01-03,1998,159.84,2157.84
3,C005,West,Monitor,4,999,2026-01-04,3996,319.68,4315.68
4,C005,North,Laptop,4,299,2026-01-05,1196,95.68,1291.68
5,C002,North,Tablet,4,1299,2026-01-06,5196,415.68,5611.68
6,C003,East,Laptop,4,1299,2026-01-07,5196,415.68,5611.68
7,C003,East,Tablet,5,499,2026-01-08,2495,199.6,2694.6
8,C003,East,Tablet,3,1299,2026-01-09,3897,311.76,4208.76
9,C005,South,Laptop,1,499,2026-01-10,499,39.92,538.92
10,C004,West,Laptop,4,299,2026-01-11,1196,95.68,1291.68
11,C003,West,Tablet,2,999,2026-01-12,1998,159.84,2157.84
12,C005,West,Phone,4,999,2026-01-13,3996,319.68,4315.68
13,C002,West,Monitor,2,999,2026-01-14,1998,159.84,2157.84
14,C004,East,Laptop,2,1299,2026-01-15,2598,207.84,2805.84
15,C002,South,Monitor,4,299,2026-01-16,1196,95.68,1291.68
16,C004,South,Phone,5,1299,2026-01-17,6495,519.6,7014.6
17,C005,East,Phone,2,1299,2026-01-18,2598,207.84,2805.84
18,C001,South,Phone,2,299,2026-01-19,598,47.84,645.84
19,C004,East,Laptop,4,299,2026-01-20,1196,95.68,1291.68
